-- MySQL dump 10.13  Distrib 8.0.33, for Win64 (x86_64)
--
-- Host: localhost    Database: bdd
-- ------------------------------------------------------
-- Server version	8.0.33

/*!40101 SET @OLD_CHARACTER_SET_CLIENT=@@CHARACTER_SET_CLIENT */;
/*!40101 SET @OLD_CHARACTER_SET_RESULTS=@@CHARACTER_SET_RESULTS */;
/*!40101 SET @OLD_COLLATION_CONNECTION=@@COLLATION_CONNECTION */;
/*!50503 SET NAMES utf8mb4 */;
/*!40103 SET @OLD_TIME_ZONE=@@TIME_ZONE */;
/*!40103 SET TIME_ZONE='+00:00' */;
/*!40014 SET @OLD_UNIQUE_CHECKS=@@UNIQUE_CHECKS, UNIQUE_CHECKS=0 */;
/*!40014 SET @OLD_FOREIGN_KEY_CHECKS=@@FOREIGN_KEY_CHECKS, FOREIGN_KEY_CHECKS=0 */;
/*!40101 SET @OLD_SQL_MODE=@@SQL_MODE, SQL_MODE='NO_AUTO_VALUE_ON_ZERO' */;
/*!40111 SET @OLD_SQL_NOTES=@@SQL_NOTES, SQL_NOTES=0 */;

--
-- Table structure for table `agence`
--

DROP TABLE IF EXISTS `agence`;
/*!40101 SET @saved_cs_client     = @@character_set_client */;
/*!50503 SET character_set_client = utf8mb4 */;
CREATE TABLE `agence` (
  `idAgence` int NOT NULL AUTO_INCREMENT,
  `nomAgence` varchar(128) DEFAULT NULL,
  `idVille` int DEFAULT NULL,
  PRIMARY KEY (`idAgence`)
) ENGINE=InnoDB AUTO_INCREMENT=12 DEFAULT CHARSET=utf8mb4 COLLATE=utf8mb4_0900_ai_ci;
/*!40101 SET character_set_client = @saved_cs_client */;

--
-- Dumping data for table `agence`
--

LOCK TABLES `agence` WRITE;
/*!40000 ALTER TABLE `agence` DISABLE KEYS */;
INSERT INTO `agence` VALUES (1,'datax_paris',1),(2,'datax_marseille_sud',2),(3,'datax_marseille_nord',2),(4,'datax_lyon',3),(5,'datax_toulouse',4),(6,'datax_nice',5),(7,'datax_nantes',6),(8,'datax_montpellier',7),(9,'datax_strasbourg',8),(10,'datax_bordeaux',9),(11,'datax_lille',10);
/*!40000 ALTER TABLE `agence` ENABLE KEYS */;
UNLOCK TABLES;

--
-- Table structure for table `agentadministratif`
--

DROP TABLE IF EXISTS `agentadministratif`;
/*!40101 SET @saved_cs_client     = @@character_set_client */;
/*!50503 SET character_set_client = utf8mb4 */;
CREATE TABLE `agentadministratif` (
  `idPersonnel` int NOT NULL AUTO_INCREMENT,
  PRIMARY KEY (`idPersonnel`),
  CONSTRAINT `agentadministratif_ibfk_1` FOREIGN KEY (`idPersonnel`) REFERENCES `personnel` (`idPersonnel`)
) ENGINE=InnoDB AUTO_INCREMENT=56 DEFAULT CHARSET=utf8mb4 COLLATE=utf8mb4_0900_ai_ci;
/*!40101 SET character_set_client = @saved_cs_client */;

--
-- Dumping data for table `agentadministratif`
--

LOCK TABLES `agentadministratif` WRITE;
/*!40000 ALTER TABLE `agentadministratif` DISABLE KEYS */;
INSERT INTO `agentadministratif` VALUES (2),(3),(9),(10),(15),(16),(21),(22),(28),(29),(33),(36),(37),(43),(44),(48),(51),(55);
/*!40000 ALTER TABLE `agentadministratif` ENABLE KEYS */;
UNLOCK TABLES;

--
-- Table structure for table `agenttechnique`
--

DROP TABLE IF EXISTS `agenttechnique`;
/*!40101 SET @saved_cs_client     = @@character_set_client */;
/*!50503 SET character_set_client = utf8mb4 */;
CREATE TABLE `agenttechnique` (
  `idPersonnel` int NOT NULL AUTO_INCREMENT,
  PRIMARY KEY (`idPersonnel`),
  CONSTRAINT `agenttechnique_ibfk_1` FOREIGN KEY (`idPersonnel`) REFERENCES `personnel` (`idPersonnel`)
) ENGINE=InnoDB AUTO_INCREMENT=57 DEFAULT CHARSET=utf8mb4 COLLATE=utf8mb4_0900_ai_ci;
/*!40101 SET character_set_client = @saved_cs_client */;

--
-- Dumping data for table `agenttechnique`
--

LOCK TABLES `agenttechnique` WRITE;
/*!40000 ALTER TABLE `agenttechnique` DISABLE KEYS */;
INSERT INTO `agenttechnique` VALUES (4),(5),(6),(7),(11),(12),(13),(17),(18),(19),(23),(24),(25),(26),(30),(31),(34),(38),(39),(40),(41),(45),(46),(49),(52),(53),(56);
/*!40000 ALTER TABLE `agenttechnique` ENABLE KEYS */;
UNLOCK TABLES;

--
-- Table structure for table `capteur`
--

DROP TABLE IF EXISTS `capteur`;
/*!40101 SET @saved_cs_client     = @@character_set_client */;
/*!50503 SET character_set_client = utf8mb4 */;
CREATE TABLE `capteur` (
  `idCapteur` int NOT NULL AUTO_INCREMENT,
  `positionCapteur` varchar(128) DEFAULT NULL,
  `idSecteur` int DEFAULT NULL,
  `idRegion` int DEFAULT NULL,
  `idPersonnel` int DEFAULT NULL,
  `idAgence` int DEFAULT NULL,
  PRIMARY KEY (`idCapteur`),
  KEY `fk_capteursecteur` (`idSecteur`),
  KEY `fk_capteurregion` (`idRegion`),
  KEY `fk_capteurpersonnel` (`idPersonnel`),
  KEY `fk_capteuragence` (`idAgence`),
  CONSTRAINT `capteur_ibfk_1` FOREIGN KEY (`idSecteur`) REFERENCES `secteur` (`idSecteur`),
  CONSTRAINT `capteur_ibfk_2` FOREIGN KEY (`idRegion`) REFERENCES `region` (`idRegion`),
  CONSTRAINT `capteur_ibfk_3` FOREIGN KEY (`idPersonnel`) REFERENCES `personnel` (`idPersonnel`),
  CONSTRAINT `capteur_ibfk_4` FOREIGN KEY (`idAgence`) REFERENCES `agence` (`idAgence`)
) ENGINE=InnoDB AUTO_INCREMENT=147 DEFAULT CHARSET=utf8mb4 COLLATE=utf8mb4_0900_ai_ci;
/*!40101 SET character_set_client = @saved_cs_client */;

--
-- Dumping data for table `capteur`
--

LOCK TABLES `capteur` WRITE;
/*!40000 ALTER TABLE `capteur` DISABLE KEYS */;
INSERT INTO `capteur` VALUES (1,'48.86087529446979, 2.335058572404302',1,6,4,1),(2,'48.87000845612627, 2.369018894039237',2,6,5,1),(3,'48.88434801059756, 2.336902967525401',3,6,6,1),(4,'48.884509970549274, 2.3598085822470716',4,6,7,1),(5,'48.88774905943474, 2.3800049307113396',5,6,4,1),(6,'48.8696074593075, 2.388379026416036',6,6,5,1),(7,'48.84680881775307, 2.289058240291303',7,6,6,1),(8,'48.831663178285055, 2.4315531527096783',8,6,7,1),(9,'48.856126935071565, 2.251885654443032',9,6,4,1),(10,'48.845061477689335, 2.34806234481237',10,6,5,1),(11,'48.83690641789705, 2.320920456732679',11,6,6,1),(12,'49.25654478641175, 4.03364705831463',1,8,7,1),(13,'49.28246305223889, 4.020247079077851',2,8,4,1),(14,'49.2271751259091, 4.079829129612816',3,8,5,1),(15,'49.476593994338884, 0.1405408383343457',4,5,6,1),(16,'49.520446772463636, 0.1065805166994104',5,5,7,1),(17,'49.499433480614705, 0.10198588494880152',6,5,4,1),(18,'48.935095750303596, 2.355858891925525',7,6,5,1),(19,'48.83660412293017, 2.2394656476524233',8,6,6,1),(20,'43.14306220830113, 5.904227781932842',9,1,11,2),(21,'43.13883076700712, 5.951034691935245',10,1,12,2),(22,'43.11540141937942, 5.939643629766518',11,1,13,2),(23,'43.22071169780779, 5.4740159289478605',1,1,11,2),(24,'43.243724514575405, 5.377885562140054',2,1,12,2),(25,'43.249226292011656, 5.411531190522786',3,1,13,2),(26,'43.2847258094764, 5.46920941060747',4,1,11,2),(27,'43.28772481998396, 5.416337708863177',5,1,12,2),(28,'43.30671511961653, 5.506974911853395',6,1,13,2),(29,'43.28772481998396, 5.398484926456012',7,1,11,2),(30,'43.32070417687135, 5.457536437495094',8,1,12,2),(31,'43.29302258817468, 5.378807925793604',9,1,13,2),(32,'43.31578404280118, 5.4081308276456515',10,1,11,2),(33,'43.317490808339244, 5.457393302757092',11,1,12,2),(34,'43.33597769552283, 5.437062757473004',1,1,13,2),(35,'43.33313392524468, 5.4441002539174965',2,1,11,2),(36,'43.33171199016715, 5.397574582978914',3,1,12,2),(37,'43.24462620152058, 5.468731491473217',4,1,13,2),(38,'43.61349061563159, 5.4002803759996505',5,1,17,3),(39,'43.56972657374766, 5.4387325227227725',6,1,18,3),(40,'43.555297361075766, 5.383114239069685',7,1,19,3),(41,'43.54186015994243, 5.462078468947526',8,1,17,3),(42,'43.52194768908957, 5.397533794090855',9,1,18,3),(43,'43.49754595268419, 5.409893412680431',10,1,19,3),(44,'43.4960516483318, 5.3686946840485135',11,1,17,3),(45,'43.344223877197415, 5.438235673686532',1,1,18,3),(46,'43.373218787931535, 5.293185052525068',2,1,19,3),(47,'43.35275323041312, 5.342838499661203',3,1,17,3),(48,'43.332849541838534, 5.356131548500798',4,1,18,3),(49,'43.3683872650112, 5.383499590229376',5,1,19,3),(50,'43.35360609981375, 5.446055114180411',6,1,17,3),(51,'43.359007327682136, 5.392882918822031',7,1,18,3),(52,'43.34194918058423, 5.392882918822031',8,1,19,3),(53,'43.32829921109537, 5.393664862871418',9,1,17,3),(54,'43.361849886087, 5.349875996105695',10,1,18,3),(55,'45.7237590221155, 4.829125580577858',11,13,23,4),(56,'45.744846875605994, 4.863114531699189',1,13,24,4),(57,'45.75778320695515, 4.7944499839793275',2,13,25,4),(58,'45.76880068016189, 4.851441558510278',3,13,26,4),(59,'45.75514827190768, 4.843888458261094',4,13,23,4),(60,'45.40843913079025, 4.448864607263833',5,13,24,4),(61,'45.42964570979812, 4.40629258767752',6,13,25,4),(62,'45.45084432411351, 4.388439805270355',7,13,26,4),(63,'45.43783702770517, 4.284069691572841',8,13,23,4),(64,'45.17865999084838, 5.717598947775216',9,13,24,4),(65,'47.314618502543794, 4.997196378779299',10,12,25,4),(66,'47.319739046107934, 5.048351466830596',11,12,26,4),(67,'47.35463861786356, 5.048694789569195',1,12,23,4),(68,'45.767388342751204, 4.889142754522802',2,13,24,4),(69,'45.78203495851922, 3.0893398625386044',3,13,25,4),(70,'45.79448391800865, 3.130881913909121',4,13,26,4),(71,'45.913061478861096, 6.12893728841616',5,13,23,4),(72,'45.89566460511289, 6.12705045032633',6,13,24,4),(73,'45.88482983537148, 6.118087969399635',7,13,25,4),(74,'43.60048133234588, 1.4434135802169736',8,3,30,5),(75,'43.61812150250827, 1.427362755558496',9,3,31,5),(76,'43.633682062068075, 1.4138915277201305',10,3,30,5),(77,'43.607538021241005, 1.3714714911227248',11,3,31,5),(78,'43.57515345826481, 1.3872356939123014',1,3,30,5),(79,'43.56414704482908, 1.430515596116411',2,3,31,5),(80,'43.5683006446758, 1.4591777830065502',3,3,30,5),(81,'43.57328458643456, 1.4875533480277876',4,3,31,5),(82,'43.59363140152294, 1.4789546919607461',5,3,30,5),(83,'43.600688893834246, 1.4649102203845779',6,3,31,5),(84,'43.62642096886849, 1.457458051793142',7,3,30,5),(85,'43.594876901490956, 1.416471124540243',8,3,31,5),(86,'43.66666180532905, 7.215587934789448',9,1,34,6),(87,'43.68645572272267, 7.207397504277493',10,1,34,6),(88,'43.70494340965731, 7.192415007699686',11,1,34,6),(89,'43.702055084299694, 7.279513244363402',1,1,34,6),(90,'43.73006596898347, 7.269724680907289',2,1,34,6),(91,'43.734829403923385, 7.24095829081652',3,1,34,6),(92,'43.74060275650464, 7.200605438050302',4,1,34,6),(93,'43.69367815439826, 7.298091537802352',5,1,34,6),(94,'47.1908504544307, -1.53223419728193',6,2,38,7),(95,'47.22981781419926, -1.5185895441732415',7,2,39,7),(96,'47.18782266498575, -1.6132667318577125',8,2,40,7),(97,'47.210337712889164, -1.6043559379908139',9,2,41,7),(98,'47.235679356147294, -1.5769274001569822',10,2,38,7),(99,'47.25224195106656, -1.559771755559052',11,2,39,7),(100,'47.23399911014039, -1.5308116754916317',1,2,40,7),(101,'48.114207875723345, -1.6822644143277887',2,11,41,7),(102,'48.09552315287216, -1.6486187874642304',3,11,38,7),(103,'48.123948748424056, -1.7099018935371397',4,11,39,7),(104,'47.44996205129324, -0.5379389776162632',5,2,40,7),(105,'47.4757577102867, -0.5599133033800447',6,2,41,7),(106,'47.47454249219185, -0.5894787598622238',7,2,38,7),(107,'47.96325724283738, 0.2111474876113188',8,2,39,7),(108,'48.0144975709608, 0.19295138328714972',9,2,40,7),(109,'48.39917322800465, -4.457327330690299',10,11,41,7),(110,'48.382648022623876, -4.531505787179612',11,11,38,7),(111,'47.41933403033581, 0.6983726563487042',1,10,39,7),(112,'47.37843306909873, 0.6866996837633882',2,10,40,7),(113,'43.61498026311078, 3.867473717469829',3,3,45,8),(114,'43.62193961769483, 3.8525391790150856',4,3,46,8),(115,'43.62367933048172, 3.8861848058786443',5,3,45,8),(116,'43.60851728403905, 3.916225544149678',6,3,46,8),(117,'43.60528553405652, 3.830738186098393',7,3,45,8),(118,'43.645048835993656, 3.858032342584647',8,3,46,8),(119,'43.834838740214174, 4.349035060525909',9,3,45,8),(120,'43.855293677805825, 4.320440837162671',10,3,46,8),(121,'43.879763318086965, 4.346245380197789',11,3,45,8),(122,'43.78587386947769, 4.352024745769521',1,3,46,8),(123,'43.88476046469559, 4.379375764343971',2,3,45,8),(124,'43.867208633877446, 4.294654318140748',3,3,46,8),(125,'48.57659249062681, 7.749398956044562',4,8,49,9),(126,'48.62415102765966, 7.808529871984707',5,8,49,9),(127,'48.58549318308211, 7.793653490621782',6,8,49,9),(128,'48.50636776174048, 7.774736445551012',7,8,49,9),(129,'48.531428039679916, 7.780755504797942',8,8,49,9),(130,'48.56159782449256, 7.770723738769101',9,8,49,9),(131,'48.580184079225546, 7.792507000574121',10,8,49,9),(132,'48.59800529249893, 7.796519706995947',11,8,49,9),(133,'44.84154061789302, -0.576062743084083',1,4,52,10),(134,'44.86179249946051, -0.5632776808215192',2,4,53,10),(135,'44.89095402017995, -0.552889817733186',3,4,52,10),(136,'44.84607312596096, -0.6138186300782169',4,4,53,10),(137,'44.82640140767849, -0.5633714007642152',5,4,52,10),(138,'45.83074947527093, 1.2607223954521345',6,4,53,10),(139,'45.87952906527299, 1.2826950497303764',7,4,52,10),(140,'45.80897615163836, 1.2686188180833777',8,4,53,10),(141,'50.62752105152959, 3.0516506233189413',9,7,56,11),(142,'50.64173654469849, 2.987908361221954',10,7,56,11),(143,'50.62856453666566, 3.096270206786833',11,7,56,11),(144,'50.61317078233964, 3.0535012051217576',1,7,56,11),(145,'49.882534676263525, 2.3063076161349945',2,7,56,11),(146,'49.9172540904146, 2.287081543641533',3,7,56,11);
/*!40000 ALTER TABLE `capteur` ENABLE KEYS */;
UNLOCK TABLES;

--
-- Table structure for table `chefdagence`
--

DROP TABLE IF EXISTS `chefdagence`;
/*!40101 SET @saved_cs_client     = @@character_set_client */;
/*!50503 SET character_set_client = utf8mb4 */;
CREATE TABLE `chefdagence` (
  `idPersonnel` int DEFAULT NULL,
  `idAgence` int DEFAULT NULL,
  KEY `fk_chefagenceid` (`idPersonnel`),
  KEY `fk_chefagenceidagence` (`idAgence`),
  CONSTRAINT `chefdagence_ibfk_1` FOREIGN KEY (`idPersonnel`) REFERENCES `personnel` (`idPersonnel`),
  CONSTRAINT `chefdagence_ibfk_2` FOREIGN KEY (`idAgence`) REFERENCES `agence` (`idAgence`)
) ENGINE=InnoDB DEFAULT CHARSET=utf8mb4 COLLATE=utf8mb4_0900_ai_ci;
/*!40101 SET character_set_client = @saved_cs_client */;

--
-- Dumping data for table `chefdagence`
--

LOCK TABLES `chefdagence` WRITE;
/*!40000 ALTER TABLE `chefdagence` DISABLE KEYS */;
INSERT INTO `chefdagence` VALUES (1,1),(8,2),(14,3),(20,4),(27,5),(32,6),(35,7),(42,8),(47,9),(50,10),(54,11);
/*!40000 ALTER TABLE `chefdagence` ENABLE KEYS */;
UNLOCK TABLES;

--
-- Table structure for table `gaz`
--

DROP TABLE IF EXISTS `gaz`;
/*!40101 SET @saved_cs_client     = @@character_set_client */;
/*!50503 SET character_set_client = utf8mb4 */;
CREATE TABLE `gaz` (
  `idGaz` int NOT NULL AUTO_INCREMENT,
  `nomGaz` varchar(128) DEFAULT NULL,
  `typePollution` varchar(3) DEFAULT NULL,
  PRIMARY KEY (`idGaz`)
) ENGINE=InnoDB AUTO_INCREMENT=13 DEFAULT CHARSET=utf8mb4 COLLATE=utf8mb4_0900_ai_ci;
/*!40101 SET character_set_client = @saved_cs_client */;

--
-- Dumping data for table `gaz`
--

LOCK TABLES `gaz` WRITE;
/*!40000 ALTER TABLE `gaz` DISABLE KEYS */;
INSERT INTO `gaz` VALUES (1,'CO2 (dioxyde de carbone) non bio','GES'),(2,'CO2 (dioxyde de carbone) bio','GES'),(3,'CH4 (methane)','GES'),(4,'N2O (protoxyde d\'azote)','GES'),(5,'PFC (Perfluoro carbures)','GES'),(6,'HFC (Hydrofluoro carbures)','GES'),(7,'SF6 (Hexafluorure de soufre)','GES'),(8,'SO2 (dioxyde de soufre)','GRA'),(9,'Nox (oxydes d’azote)','GRA'),(10,'NH3 (ammoniac)','GRA'),(11,'CO (monoxyde de carbone)','GRA'),(12,'COVNM (compose organique et volatil non methanique)','GRA');
/*!40000 ALTER TABLE `gaz` ENABLE KEYS */;
UNLOCK TABLES;

--
-- Table structure for table `personnel`
--

DROP TABLE IF EXISTS `personnel`;
/*!40101 SET @saved_cs_client     = @@character_set_client */;
/*!50503 SET character_set_client = utf8mb4 */;
CREATE TABLE `personnel` (
  `idPersonnel` int NOT NULL AUTO_INCREMENT,
  `nomPersonnel` varchar(128) DEFAULT NULL,
  `prenomPersonnel` varchar(128) DEFAULT NULL,
  `dateNaissance` date DEFAULT NULL,
  `adressePostale` varchar(256) DEFAULT NULL,
  `datePoste` date DEFAULT NULL,
  PRIMARY KEY (`idPersonnel`)
) ENGINE=InnoDB AUTO_INCREMENT=57 DEFAULT CHARSET=utf8mb4 COLLATE=utf8mb4_0900_ai_ci;
/*!40101 SET character_set_client = @saved_cs_client */;

--
-- Dumping data for table `personnel`
--

LOCK TABLES `personnel` WRITE;
/*!40000 ALTER TABLE `personnel` DISABLE KEYS */;
INSERT INTO `personnel` VALUES (1,'Moreau','Adam','1974-12-24','17 Rue du Faubourg Saint-Antoine, 75011 Paris','1994-01-26'),(2,'Dubois','Adele','1965-09-17','25 Rue de la Pompe, 75116 Paris','1988-05-18'),(3,'Martin','Adrien','1987-02-11','8 Rue de la Roquette, 75011 Paris','2003-09-07'),(4,'Lambert','Agathe','1986-06-29','37 Rue Saint-Antoine, 75004 Paris','2003-11-11'),(5,'Fournier','Alban','1978-05-08','19 Rue du Cherche-Midi, 75006 Paris','2000-04-20'),(6,'Bernard','Alex','1989-10-21','12 Rue de Turenne, 75004 Paris','2017-07-16'),(7,'Durand','Alexis','1981-03-07','10 Rue de la Paix, 75002 Paris','2006-03-01'),(8,'Leroy','Alice','1993-07-02',' 33 Rue de la République, Aix-en-Provence, France','2011-08-23'),(9,'Roux','Aline','1969-12-02',' 1 Rue des Frères Lumière, Aubagne, France','1990-01-20'),(10,'Girard','ALois','1980-11-16','1 Chemin de la Bartavelle, Bouc-Bel-Air, France','2004-03-15'),(11,'Dupont','Amelie','1992-04-13',' 50 Avenue du 8 Mai 1945, Cabriès, France','2022-12-24'),(12,'Simon','Anaïs','1963-08-26',' 1 Rue des Magnolias, Carnoux-en-Provence, France','1992-10-07'),(13,'Lefebvre','Andréa','1972-01-06','37 Boulevard de la République, Cassis, France','1993-02-10'),(14,'Rousseau','Annabelle','1976-09-10',' 2 Avenue de la Grande-Bastide, Châteauneuf-le-Rouge, France','2009-06-24'),(15,'Mercier','Antoine','1984-11-08','2 Rue Saint-Jacques, Gardanne, France','2015-08-08'),(16,'Petit','Apolline','2001-08-13','6 Avenue Joseph Gasquet, Gémenos, France','2023-04-11'),(17,'Gauthier','Arthur','1994-03-12','5 Rue Pierre et Marie Curie, Istres, France','2014-11-09'),(18,'André','Astrid','1964-12-29','2 Avenue de la Paix, La Ciotat, France','1982-02-02'),(19,'Leclerc','Auguste','1982-06-05','45 Rue des Cordeliers, La Fare-les-Oliviers, France','2004-09-11'),(20,'Caron','Aurélie','1991-01-24','20 Rue de la République, Villefranche-sur-Saône, France','2019-02-16'),(21,'Marchand','Axel','1970-07-15','4 Rue de la Liberté, Saint-Genis-Laval, France','1990-11-01'),(22,'Robin','Béatrice','1988-09-30','20 Rue de la Victoire, Vénissieux, France','2006-12-16'),(23,'Faure','Benjamin','1997-04-06','3 Avenue du Dauphiné, Saint-Priest, France','2010-08-28'),(24,'Bailly','Blaise','1975-12-14','7 Rue des Tuiliers, Tassin-la-Demi-Lune, France','2013-02-01'),(25,'Bertrand','Camille','1979-05-20','8 Rue de la République, Oullins, France','2012-05-21'),(26,'Charpentier','Capucine','1985-02-27','1 Place des Archives, Sainte-Foy-lès-Lyon, France','2017-06-15'),(27,'Prevost','Cédric','1967-08-23','3 Rue du Prat Dessus, Blagnac, France','1990-04-09'),(28,'Royer','Céleste','1995-03-17','15 Rue des Potiers, Colomiers, France','2007-04-30'),(29,'Masson','Céline','1971-10-12','10 Rue de l\'Église, Tournefeuille, France','2004-06-23'),(30,'Mathieu','Chloé','1983-06-26','14 Rue Saint-André, Balma, France','2009-01-04'),(31,'Denis','Clara','1977-01-08','2 Avenue des Pyrénées, Cugnaux, France','1997-05-08'),(32,'Roche','Clément','2000-11-19','15 Rue de France, Saint-Laurent-du-Var, France','2020-12-17'),(33,'Dubois','Coline','1998-09-01','25 Rue de la Buffa, Nice, France','2018-09-29'),(34,'Muller','Corentin','1990-02-19','4 Avenue Sainte-Marguerite, Cagnes-sur-Mer, France','2010-12-28'),(35,'Blanc','Delphine','1988-05-29','5 Rue Aristide Briand, Saint-Herblain, France','2005-09-05'),(36,'Gerard','Dimitri','1973-07-04','4 Rue du Bois Briand, Carquefou, France','1994-07-19'),(37,'Lejeune','Damien','1989-12-05','3 Rue de la Paix, Rezé, France','2015-05-12'),(38,'Chevalier','Elsa','1993-09-24','8 Rue de la Commune de Paris, Vertou, France','2016-02-19'),(39,'Adam','Emile','1960-04-02',' 20 Rue du 11 Novembre, Bouguenais, France','1986-09-08'),(40,'Laurent','Emma','1974-06-15',' 2 Rue de la Loire, Orvault, France','1998-08-14'),(41,'Lecomte','Enzo','1996-01-01','1 Rue du Bois Hardy, Saint-Sébastien-sur-Loire, France','2018-05-04'),(42,'Julien','Estelle','1977-10-05','15 Rue de la République, Castelnau-le-Lez, France','2001-05-11'),(43,'Picard','Ethan','1981-11-30','6 Rue de la Fontaine, Lattes, France','2002-10-20'),(44,'Poirier','Eugénie','1991-08-03','2 Rue du Faubourg Boutonnet, Montpellier, France','2011-12-19'),(45,'Noel','Fabien','1978-03-25','5 Rue de la Paix, Saint-Jean-de-Védas, France','1998-06-18'),(46,'Roger','Fanny','1987-07-23','9 Rue de l\'Église, Pérols, France','2013-11-02'),(47,'Gros','Félix','1966-12-18','2 Rue de la Poste, Schiltigheim, France','1993-06-18'),(48,'Lemoine','Flavie','1972-09-14','12 Rue du Général Leclerc, Illkirch-Graffenstaden, France','1994-07-11'),(49,'Guillaume','Florent','1999-02-16','8 Rue des Frères Lumière, Ostwald, France','2022-06-12'),(50,'Langlois','Florian','1980-05-10','10 Rue de la République, Bègles, France','2006-06-26'),(51,'Jacquet','Gabriel','1976-01-21','7 Rue Jean Jacques Rousseau, Talence, France','2002-07-10'),(52,'Aubret','Gaelle','1984-06-22','2 Rue du Jardin Public, Bordeaux, France','2015-01-27'),(53,'Henry','Gautier','1992-11-12','5 Rue des Frères Bonie, Mérignac, France','2018-09-20'),(54,'Berthier','Géraldine','1968-08-08','6 Rue de la Gare, Tourcoing, France','1991-09-11'),(55,'Barbier','Grégoire','1991-03-02','10 Rue du Molinel, Villeneuve-d\'Ascq, France','2021-08-11'),(56,'Renard','Guihem','1979-07-06','12 Rue du Maréchal Foch, Roubaix, France','2013-07-11');
/*!40000 ALTER TABLE `personnel` ENABLE KEYS */;
UNLOCK TABLES;

--
-- Table structure for table `rapport`
--

DROP TABLE IF EXISTS `rapport`;
/*!40101 SET @saved_cs_client     = @@character_set_client */;
/*!50503 SET character_set_client = utf8mb4 */;
CREATE TABLE `rapport` (
  `idRapport` int NOT NULL AUTO_INCREMENT,
  `nomRapport` varchar(128) DEFAULT NULL,
  `dateRapport` date DEFAULT NULL,
  `idPersonnel` int DEFAULT NULL,
  PRIMARY KEY (`idRapport`),
  KEY `fk_rapport` (`idPersonnel`),
  CONSTRAINT `rapport_ibfk_1` FOREIGN KEY (`idPersonnel`) REFERENCES `agentadministratif` (`idPersonnel`)
) ENGINE=InnoDB AUTO_INCREMENT=109 DEFAULT CHARSET=utf8mb4 COLLATE=utf8mb4_0900_ai_ci;
/*!40101 SET character_set_client = @saved_cs_client */;

--
-- Dumping data for table `rapport`
--

LOCK TABLES `rapport` WRITE;
/*!40000 ALTER TABLE `rapport` DISABLE KEYS */;
INSERT INTO `rapport` VALUES (1,'Rapport 31/12/2017 1','2017-12-31',2),(2,'Rapport 31/12/2017 3','2017-12-31',3),(3,'Rapport 31/12/2017 9','2017-12-31',9),(4,'Rapport 31/12/2017 10','2017-12-31',10),(5,'Rapport 31/12/2017 15','2017-12-31',15),(6,'Rapport 31/12/2017 16','2017-12-31',16),(7,'Rapport 31/12/2017 21','2017-12-31',21),(8,'Rapport 31/12/2017 22','2017-12-31',22),(9,'Rapport 31/12/2017 28','2017-12-31',28),(10,'Rapport 31/12/2017 29','2017-12-31',29),(11,'Rapport 31/12/2017 33','2017-12-31',33),(12,'Rapport 31/12/2017 36','2017-12-31',36),(13,'Rapport 31/12/2017 37','2017-12-31',37),(14,'Rapport 31/12/2017 43','2017-12-31',43),(15,'Rapport 31/12/2017 44','2017-12-31',44),(16,'Rapport 31/12/2017 48','2017-12-31',48),(17,'Rapport 31/12/2017 51','2017-12-31',51),(18,'Rapport 31/12/2017 55','2017-12-31',55),(19,'Rapport 31/12/2018 1','2018-12-31',2),(20,'Rapport 31/12/2018 3','2018-12-31',3),(21,'Rapport 31/12/2018 9','2018-12-31',9),(22,'Rapport 31/12/2018 10','2018-12-31',10),(23,'Rapport 31/12/2018 15','2018-12-31',15),(24,'Rapport 31/12/2018 16','2018-12-31',16),(25,'Rapport 31/12/2018 21','2018-12-31',21),(26,'Rapport 31/12/2018 22','2018-12-31',22),(27,'Rapport 31/12/2018 28','2018-12-31',28),(28,'Rapport 31/12/2018 29','2018-12-31',29),(29,'Rapport 31/12/2018 33','2018-12-31',33),(30,'Rapport 31/12/2018 36','2018-12-31',36),(31,'Rapport 31/12/2018 37','2018-12-31',37),(32,'Rapport 31/12/2018 43','2018-12-31',43),(33,'Rapport 31/12/2018 44','2018-12-31',44),(34,'Rapport 31/12/2018 48','2018-12-31',48),(35,'Rapport 31/12/2018 51','2018-12-31',51),(36,'Rapport 31/12/2018 55','2018-12-31',55),(37,'Rapport 31/12/2019 1','2019-12-31',2),(38,'Rapport 31/12/2019 3','2019-12-31',3),(39,'Rapport 31/12/2019 9','2019-12-31',9),(40,'Rapport 31/12/2019 10','2019-12-31',10),(41,'Rapport 31/12/2019 15','2019-12-31',15),(42,'Rapport 31/12/2019 16','2019-12-31',16),(43,'Rapport 31/12/2019 21','2019-12-31',21),(44,'Rapport 31/12/2019 22','2019-12-31',22),(45,'Rapport 31/12/2019 28','2019-12-31',28),(46,'Rapport 31/12/2019 29','2019-12-31',29),(47,'Rapport 31/12/2019 33','2019-12-31',33),(48,'Rapport 31/12/2019 36','2019-12-31',36),(49,'Rapport 31/12/2019 37','2019-12-31',37),(50,'Rapport 31/12/2019 43','2019-12-31',43),(51,'Rapport 31/12/2019 44','2019-12-31',44),(52,'Rapport 31/12/2019 48','2019-12-31',48),(53,'Rapport 31/12/2019 51','2019-12-31',51),(54,'Rapport 31/12/2019 55','2019-12-31',55),(55,'Rapport 31/12/2020 1','2020-12-31',2),(56,'Rapport 31/12/2020 3','2020-12-31',3),(57,'Rapport 31/12/2020 9','2020-12-31',9),(58,'Rapport 31/12/2020 10','2020-12-31',10),(59,'Rapport 31/12/2020 15','2020-12-31',15),(60,'Rapport 31/12/2020 16','2020-12-31',16),(61,'Rapport 31/12/2020 21','2020-12-31',21),(62,'Rapport 31/12/2020 22','2020-12-31',22),(63,'Rapport 31/12/2020 28','2020-12-31',28),(64,'Rapport 31/12/2020 29','2020-12-31',29),(65,'Rapport 31/12/2020 33','2020-12-31',33),(66,'Rapport 31/12/2020 36','2020-12-31',36),(67,'Rapport 31/12/2020 37','2020-12-31',37),(68,'Rapport 31/12/2020 43','2020-12-31',43),(69,'Rapport 31/12/2020 44','2020-12-31',44),(70,'Rapport 31/12/2020 48','2020-12-31',48),(71,'Rapport 31/12/2020 51','2020-12-31',51),(72,'Rapport 31/12/2020 55','2020-12-31',55),(73,'Rapport 31/12/2021 1','2021-12-31',2),(74,'Rapport 31/12/2021 3','2021-12-31',3),(75,'Rapport 31/12/2021 9','2021-12-31',9),(76,'Rapport 31/12/2021 10','2021-12-31',10),(77,'Rapport 31/12/2021 15','2021-12-31',15),(78,'Rapport 31/12/2021 16','2021-12-31',16),(79,'Rapport 31/12/2021 21','2021-12-31',21),(80,'Rapport 31/12/2021 22','2021-12-31',22),(81,'Rapport 31/12/2021 28','2021-12-31',28),(82,'Rapport 31/12/2021 29','2021-12-31',29),(83,'Rapport 31/12/2021 33','2021-12-31',33),(84,'Rapport 31/12/2021 36','2021-12-31',36),(85,'Rapport 31/12/2021 37','2021-12-31',37),(86,'Rapport 31/12/2021 43','2021-12-31',43),(87,'Rapport 31/12/2021 44','2021-12-31',44),(88,'Rapport 31/12/2021 48','2021-12-31',48),(89,'Rapport 31/12/2021 51','2021-12-31',51),(90,'Rapport 31/12/2021 55','2021-12-31',55),(91,'Rapport 31/12/2022 1','2022-12-31',2),(92,'Rapport 31/12/2022 3','2022-12-31',3),(93,'Rapport 31/12/2022 9','2022-12-31',9),(94,'Rapport 31/12/2022 10','2022-12-31',10),(95,'Rapport 31/12/2022 15','2022-12-31',15),(96,'Rapport 31/12/2022 16','2022-12-31',16),(97,'Rapport 31/12/2022 21','2022-12-31',21),(98,'Rapport 31/12/2022 22','2022-12-31',22),(99,'Rapport 31/12/2022 28','2022-12-31',28),(100,'Rapport 31/12/2022 29','2022-12-31',29),(101,'Rapport 31/12/2022 33','2022-12-31',33),(102,'Rapport 31/12/2022 36','2022-12-31',36),(103,'Rapport 31/12/2022 37','2022-12-31',37),(104,'Rapport 31/12/2022 43','2022-12-31',43),(105,'Rapport 31/12/2022 44','2022-12-31',44),(106,'Rapport 31/12/2022 48','2022-12-31',48),(107,'Rapport 31/12/2022 51','2022-12-31',51),(108,'Rapport 31/12/2022 55','2022-12-31',55);
/*!40000 ALTER TABLE `rapport` ENABLE KEYS */;
UNLOCK TABLES;

--
-- Table structure for table `region`
--

DROP TABLE IF EXISTS `region`;
/*!40101 SET @saved_cs_client     = @@character_set_client */;
/*!50503 SET character_set_client = utf8mb4 */;
CREATE TABLE `region` (
  `idRegion` int NOT NULL AUTO_INCREMENT,
  `nomRegion` varchar(128) DEFAULT NULL,
  PRIMARY KEY (`idRegion`)
) ENGINE=InnoDB AUTO_INCREMENT=14 DEFAULT CHARSET=utf8mb4 COLLATE=utf8mb4_0900_ai_ci;
/*!40101 SET character_set_client = @saved_cs_client */;

--
-- Dumping data for table `region`
--

LOCK TABLES `region` WRITE;
/*!40000 ALTER TABLE `region` DISABLE KEYS */;
INSERT INTO `region` VALUES (1,'Provences-Alpes-Côte d\'Azur'),(2,'Pays de la Loire'),(3,'Occitanie'),(4,'Nouvelle-Aquitaine'),(5,'Normandie'),(6,'Île-de-France'),(7,'Hauts-de-France'),(8,'Grand Est'),(9,'Corse'),(10,'Centre-Val de Loire'),(11,'Bretagne'),(12,'Bourgogne-Franche-Comté'),(13,'Auvergne-Rhône-Alpes');
/*!40000 ALTER TABLE `region` ENABLE KEYS */;
UNLOCK TABLES;

--
-- Table structure for table `releve`
--

DROP TABLE IF EXISTS `releve`;
/*!40101 SET @saved_cs_client     = @@character_set_client */;
/*!50503 SET character_set_client = utf8mb4 */;
CREATE TABLE `releve` (
  `idReleve` int NOT NULL AUTO_INCREMENT,
  `dateReleve` varchar(128) DEFAULT NULL,
  `donnee` int DEFAULT NULL,
  `idGaz` int DEFAULT NULL,
  `idCapteur` int DEFAULT NULL,
  `idPersonnel` int DEFAULT NULL,
  PRIMARY KEY (`idReleve`),
  KEY `fk_relevegaz` (`idGaz`),
  KEY `fk_relevecapteur` (`idCapteur`),
  KEY `fk_capteurpersonnel` (`idPersonnel`),
  CONSTRAINT `releve_ibfk_1` FOREIGN KEY (`idGaz`) REFERENCES `gaz` (`idGaz`),
  CONSTRAINT `releve_ibfk_2` FOREIGN KEY (`idCapteur`) REFERENCES `capteur` (`idCapteur`),
  CONSTRAINT `releve_ibfk_3` FOREIGN KEY (`idPersonnel`) REFERENCES `personnel` (`idPersonnel`)
) ENGINE=InnoDB AUTO_INCREMENT=501 DEFAULT CHARSET=utf8mb4 COLLATE=utf8mb4_0900_ai_ci;
/*!40101 SET character_set_client = @saved_cs_client */;

--
-- Dumping data for table `releve`
--

LOCK TABLES `releve` WRITE;
/*!40000 ALTER TABLE `releve` DISABLE KEYS */;
INSERT INTO `releve` VALUES (1,'2021-05-04',261,7,98,3),(2,'2019-05-15',688,5,32,22),(3,'2021-06-15',73,2,47,10),(4,'2020-12-04',16,9,70,29),(5,'2021-11-06',42,10,126,43),(6,'2020-05-08',42,11,38,51),(7,'2018-11-21',46,8,81,2),(8,'2020-04-22',229,3,59,51),(9,'2017-09-08',639,4,58,21),(10,'2017-06-04',46,10,124,9),(11,'2021-05-28',573,11,104,16),(12,'2021-06-27',333,7,8,29),(13,'2022-04-15',23,2,78,15),(14,'2022-11-02',314,4,18,10),(15,'2018-11-15',298,11,137,21),(16,'2018-07-27',563,7,122,44),(17,'2022-05-14',334,5,14,43),(18,'2022-09-11',474,3,60,55),(19,'2021-03-22',660,4,74,21),(20,'2020-11-16',331,7,90,21),(21,'2022-08-19',30,9,145,33),(22,'2018-04-14',691,7,104,33),(23,'2022-07-23',579,4,41,15),(24,'2018-11-29',661,11,113,37),(25,'2018-08-29',486,10,18,51),(26,'2020-06-15',357,11,107,9),(27,'2019-10-13',64,5,76,48),(28,'2020-01-23',348,5,114,3),(29,'2021-12-08',453,3,63,51),(30,'2019-01-04',411,10,127,36),(31,'2019-11-15',71,1,137,29),(32,'2022-07-05',484,6,59,15),(33,'2017-11-10',452,7,140,43),(34,'2021-12-18',333,9,32,9),(35,'2022-06-26',443,5,18,36),(36,'2020-11-01',194,3,83,3),(37,'2021-02-26',73,11,66,28),(38,'2018-01-07',488,8,12,16),(39,'2019-08-25',656,3,142,55),(40,'2020-07-06',116,4,16,44),(41,'2020-01-08',670,10,93,44),(42,'2020-03-18',325,3,123,21),(43,'2021-05-10',148,9,22,51),(44,'2018-03-28',404,10,120,22),(45,'2022-09-28',77,9,24,51),(46,'2017-12-16',200,11,145,29),(47,'2019-05-12',369,7,123,9),(48,'2022-08-09',537,7,16,3),(49,'2022-05-03',644,2,110,10),(50,'2021-12-22',453,3,5,3),(51,'2022-09-21',621,4,60,36),(52,'2020-07-22',41,5,32,37),(53,'2019-01-18',535,6,13,16),(54,'2019-03-16',360,10,141,28),(55,'2022-07-21',94,4,43,3),(56,'2017-05-02',154,9,133,21),(57,'2022-08-28',479,5,131,44),(58,'2022-12-13',446,8,119,36),(59,'2017-05-27',181,3,43,29),(60,'2022-01-18',182,2,8,22),(61,'2019-06-16',76,7,25,43),(62,'2021-01-31',573,8,10,37),(63,'2019-03-11',466,3,135,37),(64,'2017-12-09',4,8,75,28),(65,'2017-08-23',596,12,52,28),(66,'2021-11-27',0,12,44,37),(67,'2021-04-20',252,9,99,22),(68,'2019-10-06',463,7,17,9),(69,'2017-06-17',200,2,21,10),(70,'2021-04-19',358,6,40,37),(71,'2022-10-17',423,11,84,28),(72,'2020-09-13',366,3,61,51),(73,'2022-08-28',302,7,97,33),(74,'2020-08-27',142,5,95,15),(75,'2018-08-27',509,8,42,43),(76,'2021-12-18',651,6,127,3),(77,'2020-11-06',473,7,106,51),(78,'2021-06-13',171,5,53,29),(79,'2020-08-03',657,8,9,22),(80,'2022-08-06',94,10,143,22),(81,'2018-04-30',337,6,107,44),(82,'2020-02-22',497,11,4,16),(83,'2019-03-04',351,10,145,15),(84,'2021-04-13',293,5,19,16),(85,'2017-07-03',294,3,127,22),(86,'2022-04-03',132,7,25,51),(87,'2019-02-26',665,3,89,15),(88,'2017-12-08',81,2,70,3),(89,'2022-07-27',159,8,86,10),(90,'2022-11-07',289,9,57,33),(91,'2017-11-29',546,2,142,43),(92,'2019-06-04',107,11,126,29),(93,'2019-12-03',22,10,133,43),(94,'2020-04-18',515,10,139,55),(95,'2018-12-29',631,9,131,44),(96,'2021-10-25',179,2,89,2),(97,'2019-04-14',57,6,57,33),(98,'2017-06-06',698,3,120,51),(99,'2020-03-09',433,4,112,22),(100,'2019-03-24',186,6,8,43),(101,'2018-06-02',518,7,90,48),(102,'2021-10-17',140,2,122,48),(103,'2018-01-08',693,11,38,33),(104,'2021-07-01',103,2,19,37),(105,'2020-06-01',384,4,26,51),(106,'2019-03-15',351,10,60,29),(107,'2019-06-24',166,8,47,43),(108,'2020-03-31',508,7,76,21),(109,'2017-05-16',280,6,34,37),(110,'2020-05-09',413,8,86,44),(111,'2021-01-28',592,2,114,16),(112,'2019-12-29',336,6,94,48),(113,'2021-10-14',69,4,53,29),(114,'2021-08-13',10,10,117,51),(115,'2018-11-25',282,7,17,16),(116,'2019-12-19',583,2,109,10),(117,'2021-01-02',698,10,60,21),(118,'2022-02-03',92,5,78,21),(119,'2020-04-23',26,11,139,29),(120,'2020-04-09',277,3,102,36),(121,'2022-08-28',175,2,42,3),(122,'2020-10-02',676,11,30,36),(123,'2022-02-13',569,9,99,36),(124,'2020-10-14',159,1,74,29),(125,'2021-09-03',481,4,94,15),(126,'2019-01-09',68,3,46,22),(127,'2021-07-14',294,4,83,10),(128,'2017-12-15',278,5,28,15),(129,'2017-05-15',384,11,60,29),(130,'2019-08-16',178,2,101,10),(131,'2021-06-06',7,3,100,10),(132,'2021-12-05',677,3,143,29),(133,'2019-12-26',105,8,134,51),(134,'2021-03-31',409,11,13,55),(135,'2018-04-29',502,9,88,43),(136,'2022-11-22',133,6,5,28),(137,'2020-03-02',366,5,125,15),(138,'2020-08-30',615,10,88,3),(139,'2019-04-16',112,5,104,28),(140,'2022-09-22',330,9,78,37),(141,'2022-09-02',556,5,62,51),(142,'2019-01-13',360,7,134,43),(143,'2019-02-06',28,12,7,29),(144,'2021-04-04',360,6,24,15),(145,'2019-10-17',593,10,141,10),(146,'2022-04-18',234,2,64,15),(147,'2021-12-05',674,2,33,29),(148,'2017-07-23',477,7,10,43),(149,'2018-05-01',233,4,9,33),(150,'2019-04-25',646,1,9,29),(151,'2019-05-22',474,9,14,3),(152,'2020-09-29',363,11,141,21),(153,'2022-03-23',55,7,56,28),(154,'2022-10-17',252,6,142,21),(155,'2019-12-28',563,12,113,37),(156,'2019-12-01',530,12,4,16),(157,'2020-12-19',35,4,36,28),(158,'2022-02-12',367,4,116,51),(159,'2021-11-26',5,8,37,33),(160,'2019-06-10',485,4,138,22),(161,'2017-09-09',381,3,64,48),(162,'2018-03-08',356,12,71,10),(163,'2017-05-13',531,5,82,43),(164,'2017-07-27',120,6,93,37),(165,'2021-07-15',444,9,73,3),(166,'2018-10-17',297,9,32,16),(167,'2017-12-19',302,5,105,51),(168,'2021-12-27',264,2,43,48),(169,'2021-07-28',287,12,123,55),(170,'2019-02-19',490,6,74,3),(171,'2018-05-20',33,12,124,44),(172,'2018-03-13',437,4,134,21),(173,'2021-11-25',43,2,9,3),(174,'2017-06-23',427,2,37,3),(175,'2017-07-02',625,9,114,43),(176,'2019-07-26',551,5,70,9),(177,'2021-04-03',127,6,110,43),(178,'2018-04-08',208,3,139,9),(179,'2019-06-24',164,9,115,51),(180,'2020-03-20',79,5,85,15),(181,'2019-12-25',231,10,95,29),(182,'2021-09-05',400,1,14,28),(183,'2020-09-24',419,1,69,10),(184,'2020-05-07',647,9,52,16),(185,'2022-12-20',657,8,8,48),(186,'2021-02-28',507,10,73,48),(187,'2022-09-13',327,3,18,43),(188,'2017-11-30',353,3,146,10),(189,'2021-11-21',394,5,123,16),(190,'2018-11-16',24,5,120,15),(191,'2019-05-04',483,3,78,15),(192,'2019-05-24',169,10,102,51),(193,'2018-01-03',558,8,103,21),(194,'2018-04-06',232,3,4,36),(195,'2019-01-12',453,7,135,9),(196,'2021-01-26',529,6,68,51),(197,'2022-10-30',198,4,31,33),(198,'2020-01-15',158,6,23,43),(199,'2018-11-23',195,7,40,33),(200,'2021-01-08',545,10,96,16),(201,'2022-05-23',56,11,112,2),(202,'2018-04-29',626,3,141,51),(203,'2022-01-29',290,2,54,36),(204,'2018-04-22',433,4,107,10),(205,'2021-05-07',91,11,54,28),(206,'2021-11-13',45,1,37,21),(207,'2022-03-22',533,1,42,43),(208,'2018-03-07',166,4,71,15),(209,'2019-04-03',308,1,87,16),(210,'2021-02-15',235,9,32,15),(211,'2020-02-16',485,7,4,51),(212,'2020-06-22',616,9,122,51),(213,'2018-02-15',518,3,14,3),(214,'2018-08-21',573,2,141,48),(215,'2018-08-21',182,9,19,55),(216,'2019-02-13',189,10,137,29),(217,'2022-03-19',605,5,112,21),(218,'2018-01-17',349,10,30,9),(219,'2018-10-31',115,8,22,43),(220,'2022-05-02',562,9,135,51),(221,'2020-08-25',95,7,101,48),(222,'2017-10-14',347,10,110,29),(223,'2022-11-13',551,11,133,15),(224,'2019-02-15',560,2,19,44),(225,'2019-11-14',153,5,94,36),(226,'2019-03-30',183,6,142,51),(227,'2022-06-25',496,7,52,36),(228,'2017-07-30',86,10,29,2),(229,'2022-02-11',231,6,32,10),(230,'2018-07-07',585,9,130,10),(231,'2020-04-26',334,1,91,15),(232,'2022-10-13',7,12,73,33),(233,'2018-06-16',438,10,114,21),(234,'2022-12-01',287,2,87,3),(235,'2020-11-06',153,7,68,3),(236,'2021-11-03',58,7,19,48),(237,'2022-01-22',30,9,132,15),(238,'2017-12-31',406,4,41,2),(239,'2019-03-22',580,3,73,2),(240,'2020-12-12',15,5,10,9),(241,'2018-05-30',398,3,106,36),(242,'2018-09-24',591,2,132,16),(243,'2021-12-13',102,6,39,29),(244,'2021-04-28',628,8,75,43),(245,'2022-09-03',502,9,88,15),(246,'2022-09-26',63,11,87,2),(247,'2017-05-20',201,8,143,29),(248,'2017-08-18',596,7,113,10),(249,'2022-09-18',49,5,70,21),(250,'2019-08-22',255,2,62,16),(251,'2018-01-22',225,11,19,22),(252,'2020-04-14',189,10,45,37),(253,'2017-09-15',300,4,88,9),(254,'2018-01-13',385,6,128,37),(255,'2018-02-18',453,1,110,16),(256,'2022-07-14',448,7,99,36),(257,'2020-08-19',394,1,87,10),(258,'2021-08-02',537,2,83,29),(259,'2021-08-19',612,2,146,44),(260,'2021-08-28',368,7,46,2),(261,'2018-07-23',550,8,22,28),(262,'2019-11-06',201,5,62,43),(263,'2019-11-07',347,7,47,3),(264,'2020-11-14',44,4,110,2),(265,'2018-03-17',106,5,112,28),(266,'2019-08-24',236,5,40,44),(267,'2017-08-01',607,8,100,16),(268,'2020-02-28',558,11,16,10),(269,'2019-03-15',522,7,125,9),(270,'2022-02-22',282,11,59,22),(271,'2017-12-13',307,1,11,22),(272,'2018-03-03',697,9,11,44),(273,'2021-07-04',545,7,69,29),(274,'2017-07-25',291,12,96,9),(275,'2018-10-03',563,3,34,28),(276,'2018-09-11',587,3,145,29),(277,'2020-07-12',368,4,54,44),(278,'2017-12-13',235,12,140,16),(279,'2019-10-22',305,11,11,10),(280,'2022-02-12',373,11,79,2),(281,'2021-11-18',621,6,13,9),(282,'2021-03-13',555,9,88,51),(283,'2022-02-19',142,2,17,48),(284,'2021-03-04',508,3,18,33),(285,'2019-10-31',376,4,77,16),(286,'2021-12-07',563,3,57,29),(287,'2018-10-13',231,4,65,15),(288,'2022-05-25',612,10,5,16),(289,'2021-09-15',37,3,145,21),(290,'2019-09-03',219,8,98,29),(291,'2022-05-09',16,12,110,10),(292,'2022-12-07',349,1,36,3),(293,'2017-09-26',606,1,97,48),(294,'2019-10-24',518,6,58,51),(295,'2022-08-13',694,3,18,16),(296,'2018-05-25',574,6,52,9),(297,'2019-09-04',652,7,76,51),(298,'2018-03-14',568,6,7,51),(299,'2017-05-08',270,8,82,51),(300,'2021-03-15',165,9,18,37),(301,'2017-10-08',348,8,49,51),(302,'2019-12-14',693,11,25,55),(303,'2019-04-14',15,7,89,29),(304,'2020-07-10',126,10,19,21),(305,'2021-04-21',386,8,83,44),(306,'2020-05-01',254,4,11,36),(307,'2018-01-19',273,10,50,55),(308,'2018-10-28',25,10,145,10),(309,'2019-04-14',541,3,22,28),(310,'2017-09-09',207,4,34,21),(311,'2018-09-04',192,3,86,22),(312,'2018-02-21',75,9,130,22),(313,'2021-09-27',500,9,107,36),(314,'2018-09-14',228,8,142,29),(315,'2017-07-26',460,2,51,33),(316,'2022-06-23',166,11,12,36),(317,'2022-09-10',299,9,12,9),(318,'2021-06-04',652,2,21,3),(319,'2017-06-08',228,10,13,3),(320,'2022-10-18',486,12,63,48),(321,'2020-01-10',109,9,126,28),(322,'2022-01-17',630,9,60,48),(323,'2022-10-30',546,4,86,48),(324,'2021-12-06',93,3,114,21),(325,'2019-03-13',593,11,10,43),(326,'2021-10-13',235,12,34,28),(327,'2017-12-13',267,7,60,16),(328,'2022-11-20',187,3,74,9),(329,'2017-08-06',241,5,67,10),(330,'2017-09-11',162,3,105,21),(331,'2020-09-07',427,8,21,22),(332,'2019-01-13',376,3,101,28),(333,'2018-12-01',418,10,55,28),(334,'2020-11-04',418,2,54,3),(335,'2022-08-23',670,7,38,33),(336,'2018-03-21',29,9,26,9),(337,'2022-11-22',242,12,50,21),(338,'2018-11-27',495,4,100,55),(339,'2017-10-29',678,1,78,28),(340,'2020-02-11',566,10,49,43),(341,'2022-04-01',270,1,141,10),(342,'2019-10-31',374,8,43,28),(343,'2019-05-17',615,1,123,51),(344,'2020-09-13',540,6,91,36),(345,'2022-10-02',105,10,80,37),(346,'2017-09-03',356,8,31,2),(347,'2020-08-10',614,10,17,51),(348,'2022-10-09',590,2,83,44),(349,'2019-03-14',528,10,106,44),(350,'2021-06-24',592,7,35,36),(351,'2022-09-22',158,5,119,28),(352,'2020-03-11',455,2,76,22),(353,'2021-05-13',162,7,43,22),(354,'2019-12-21',557,4,12,10),(355,'2019-04-30',646,2,19,3),(356,'2018-08-29',470,8,107,15),(357,'2017-11-11',443,5,4,37),(358,'2020-06-25',267,8,135,16),(359,'2018-04-02',301,3,64,44),(360,'2020-10-20',658,8,48,51),(361,'2020-08-28',290,11,71,51),(362,'2019-05-19',210,4,82,48),(363,'2020-03-23',425,3,5,33),(364,'2018-07-03',80,9,99,3),(365,'2022-05-14',499,3,40,15),(366,'2022-04-24',394,3,106,9),(367,'2020-07-21',51,5,114,28),(368,'2017-05-02',81,11,89,22),(369,'2017-09-25',43,10,29,44),(370,'2021-01-02',78,2,129,37),(371,'2017-11-30',687,2,123,55),(372,'2019-11-26',119,2,60,28),(373,'2020-02-29',354,2,21,15),(374,'2019-04-04',177,7,96,28),(375,'2022-11-12',677,7,121,21),(376,'2022-06-28',109,11,125,48),(377,'2021-09-04',190,5,76,33),(378,'2018-01-31',94,12,31,48),(379,'2020-07-05',4,7,55,22),(380,'2018-06-17',249,3,58,9),(381,'2022-06-12',536,8,126,21),(382,'2022-05-18',355,9,128,48),(383,'2020-01-06',488,7,31,16),(384,'2018-10-14',87,10,1,37),(385,'2022-05-12',102,11,73,16),(386,'2018-11-26',64,4,79,36),(387,'2020-07-02',355,3,6,51),(388,'2020-05-03',110,3,47,51),(389,'2017-08-23',581,9,110,22),(390,'2022-10-16',503,11,65,10),(391,'2022-10-06',402,10,18,29),(392,'2019-10-28',24,5,68,16),(393,'2020-09-06',36,5,138,21),(394,'2019-02-19',493,10,120,48),(395,'2017-05-23',7,5,79,55),(396,'2020-10-13',122,10,141,29),(397,'2022-01-09',142,7,41,22),(398,'2020-02-19',2,7,128,16),(399,'2017-08-01',536,12,135,3),(400,'2017-09-13',627,10,130,10),(401,'2018-08-07',529,7,118,33),(402,'2019-07-25',229,12,139,3),(403,'2022-11-13',189,3,137,29),(404,'2017-06-19',472,3,72,22),(405,'2022-10-22',641,9,110,22),(406,'2018-12-15',535,11,89,22),(407,'2020-04-15',226,7,9,9),(408,'2022-12-24',655,2,23,48),(409,'2018-11-23',51,11,81,28),(410,'2019-07-22',55,5,120,2),(411,'2019-01-26',534,8,139,22),(412,'2020-12-15',458,10,30,22),(413,'2019-03-05',558,3,72,9),(414,'2017-10-21',416,8,137,15),(415,'2021-12-04',456,7,16,36),(416,'2019-04-24',264,3,62,55),(417,'2022-04-12',663,7,5,15),(418,'2020-05-03',335,8,60,15),(419,'2019-01-26',543,11,51,10),(420,'2018-07-27',549,3,44,43),(421,'2019-01-17',504,5,95,48),(422,'2020-12-15',62,9,109,48),(423,'2019-01-30',275,11,72,43),(424,'2022-10-09',500,1,144,36),(425,'2019-05-28',660,11,50,16),(426,'2018-04-01',409,5,145,9),(427,'2018-06-03',59,11,87,29),(428,'2021-11-19',99,9,81,21),(429,'2020-08-13',448,11,130,29),(430,'2018-12-20',497,6,107,15),(431,'2018-08-04',176,10,94,15),(432,'2019-07-03',659,6,13,9),(433,'2019-05-11',496,4,142,15),(434,'2021-07-05',262,7,22,28),(435,'2017-11-22',678,11,23,21),(436,'2017-11-22',90,12,90,51),(437,'2022-02-06',330,6,43,22),(438,'2017-09-06',546,11,123,9),(439,'2022-07-17',7,6,20,29),(440,'2021-06-15',0,3,58,37),(441,'2019-08-08',514,6,129,9),(442,'2021-02-04',554,8,38,10),(443,'2019-08-01',432,2,38,15),(444,'2019-11-14',293,1,94,21),(445,'2021-12-15',686,10,31,22),(446,'2021-01-27',619,10,43,43),(447,'2018-06-02',114,6,78,43),(448,'2021-12-27',540,5,42,51),(449,'2018-10-18',328,10,101,48),(450,'2022-07-29',522,10,40,51),(451,'2021-01-19',189,7,71,29),(452,'2020-01-23',253,9,74,48),(453,'2022-07-07',150,5,94,10),(454,'2019-11-07',30,4,90,15),(455,'2020-06-16',405,12,136,16),(456,'2020-06-21',100,6,93,21),(457,'2017-09-26',386,5,113,44),(458,'2018-05-08',345,9,78,28),(459,'2020-03-16',74,3,94,48),(460,'2019-07-26',501,8,137,51),(461,'2022-05-06',144,5,31,9),(462,'2021-05-09',212,9,59,3),(463,'2018-03-12',182,3,21,43),(464,'2018-04-25',381,5,115,3),(465,'2017-12-21',337,3,128,43),(466,'2020-04-28',193,2,142,15),(467,'2018-12-20',387,11,75,43),(468,'2019-04-27',224,1,53,16),(469,'2019-08-09',291,1,130,22),(470,'2019-07-06',125,11,102,33),(471,'2022-07-21',495,10,75,48),(472,'2020-03-26',311,9,145,10),(473,'2019-03-19',502,5,2,22),(474,'2020-07-29',133,9,63,44),(475,'2017-06-14',367,10,9,22),(476,'2020-05-07',522,6,47,44),(477,'2017-10-12',221,9,36,22),(478,'2020-11-30',422,10,37,48),(479,'2019-11-26',405,9,114,10),(480,'2022-05-13',668,3,99,28),(481,'2022-11-29',232,1,72,21),(482,'2022-05-03',162,8,48,33),(483,'2020-12-24',124,6,45,36),(484,'2019-06-23',671,6,120,33),(485,'2022-06-20',228,8,11,44),(486,'2019-12-23',215,12,2,10),(487,'2017-08-16',156,8,136,9),(488,'2021-09-20',99,4,67,44),(489,'2021-11-06',114,4,111,15),(490,'2021-08-12',112,10,85,44),(491,'2017-06-26',91,2,21,10),(492,'2018-03-03',115,3,10,3),(493,'2021-07-21',671,1,143,3),(494,'2019-02-17',608,9,102,10),(495,'2018-03-01',551,4,25,37),(496,'2022-05-05',284,4,97,15),(497,'2021-10-04',448,4,49,28),(498,'2021-07-21',154,4,80,3),(499,'2018-12-08',648,10,90,36),(500,'2020-11-14',170,9,111,16);
/*!40000 ALTER TABLE `releve` ENABLE KEYS */;
UNLOCK TABLES;

--
-- Table structure for table `secteur`
--

DROP TABLE IF EXISTS `secteur`;
/*!40101 SET @saved_cs_client     = @@character_set_client */;
/*!50503 SET character_set_client = utf8mb4 */;
CREATE TABLE `secteur` (
  `idSecteur` int NOT NULL AUTO_INCREMENT,
  `nomSecteur` varchar(256) DEFAULT NULL,
  PRIMARY KEY (`idSecteur`)
) ENGINE=InnoDB AUTO_INCREMENT=12 DEFAULT CHARSET=utf8mb4 COLLATE=utf8mb4_0900_ai_ci;
/*!40101 SET character_set_client = @saved_cs_client */;

--
-- Dumping data for table `secteur`
--

LOCK TABLES `secteur` WRITE;
/*!40000 ALTER TABLE `secteur` DISABLE KEYS */;
INSERT INTO `secteur` VALUES (1,'Combustion dans les industries de l\'energie et de la transformantion de l\'energie'),(2,'Combustion hors industrie '),(3,'Combustion dans l\'industrie manufacturiere '),(4,'Procedes de production '),(5,'Extraction et distribution de combustibles fossiles/energie geothermique '),(6,'Utilisation de solvants et autres produits'),(7,'Transport routier '),(8,'Autres sources mobiles et machines '),(9,'Traitement et elimination des dechets '),(10,'Agriculture et sylviculture'),(11,'Autres sources biotiques ');
/*!40000 ALTER TABLE `secteur` ENABLE KEYS */;
UNLOCK TABLES;

--
-- Table structure for table `ville`
--

DROP TABLE IF EXISTS `ville`;
/*!40101 SET @saved_cs_client     = @@character_set_client */;
/*!50503 SET character_set_client = utf8mb4 */;
CREATE TABLE `ville` (
  `idVille` int NOT NULL AUTO_INCREMENT,
  `nomVille` varchar(128) DEFAULT NULL,
  `idRegion` int DEFAULT NULL,
  PRIMARY KEY (`idVille`),
  KEY `fk_ville` (`idRegion`),
  CONSTRAINT `ville_ibfk_1` FOREIGN KEY (`idRegion`) REFERENCES `region` (`idRegion`),
  CONSTRAINT `ville_ibfk_2` FOREIGN KEY (`idRegion`) REFERENCES `region` (`idRegion`)
) ENGINE=InnoDB AUTO_INCREMENT=11 DEFAULT CHARSET=utf8mb4 COLLATE=utf8mb4_0900_ai_ci;
/*!40101 SET character_set_client = @saved_cs_client */;

--
-- Dumping data for table `ville`
--

LOCK TABLES `ville` WRITE;
/*!40000 ALTER TABLE `ville` DISABLE KEYS */;
INSERT INTO `ville` VALUES (1,'Paris',6),(2,'Marseille',1),(3,'Lyon',13),(4,'Toulouse',3),(5,'Nice',1),(6,'Nantes',2),(7,'Montpellier',3),(8,'Strasbourg',8),(9,'Bordeaux',4),(10,'Lille',7);
/*!40000 ALTER TABLE `ville` ENABLE KEYS */;
UNLOCK TABLES;
/*!40103 SET TIME_ZONE=@OLD_TIME_ZONE */;

/*!40101 SET SQL_MODE=@OLD_SQL_MODE */;
/*!40014 SET FOREIGN_KEY_CHECKS=@OLD_FOREIGN_KEY_CHECKS */;
/*!40014 SET UNIQUE_CHECKS=@OLD_UNIQUE_CHECKS */;
/*!40101 SET CHARACTER_SET_CLIENT=@OLD_CHARACTER_SET_CLIENT */;
/*!40101 SET CHARACTER_SET_RESULTS=@OLD_CHARACTER_SET_RESULTS */;
/*!40101 SET COLLATION_CONNECTION=@OLD_COLLATION_CONNECTION */;
/*!40111 SET SQL_NOTES=@OLD_SQL_NOTES */;

-- Dump completed on 2023-05-11 11:19:25
